,主播名,节目名,观看人数
0,猓狐狸°,【第一女刺客】你看见过我的小熊吗~,"6,163"
1,齐天小小圣,晚上闹一会儿天宫吧~,289
2,MrIvan,老司机带飞,2
3,、小许,这个主播有点皮,主播正在休息
4,-你心中的玮哥哥,很久不见。,主播正在休息
5,鱼长官卡兹克,祖安王者局.,主播正在休息
6,慕薛丶今年15,想我了来q群找我:167569325,主播正在休息
7,宿命小磊,问道爆发,主播正在休息
8,居委会K某人,贾克斯的故事第69集,主播正在休息
9,MonicaOvO,未来人类品牌日 DRvsPDQ,主播正在休息
10,旺仔大馒头,带你们看火狐大美妞,主播正在休息
11,EWG女子电竞,EWG-LOL,主播正在休息
12,末路^_^,雨里夜里，峡谷之巅等你。,主播正在休息
13,Yas1n,网四钻石AD辅助冲分,主播正在休息
14,我的EZ会发光哟,电一王者峡谷上分 目前钻1,主播正在休息
15,DAi黛王巡山,【黛】帮我想个标题吧,主播正在休息
16,lime,【光家族】有你们是我的骄傲^_^,主播正在休息
17,魔女小娜迦,老板屋内位子随便上,主播正在休息
18,✿๓浅浅,一个不会翻车的女司机（・(ｪ)・）,主播正在休息
19,隔壁老王丶1,ob韩服王者局,主播正在休息
20,国服第一米老鼠,定个小目标，今天8把鸡。,主播正在休息
21,佳璐是个小仙女,皮城小仙女   佳璐璐哦,主播正在休息
22,跳儿,网一直播掉分儿,主播正在休息
23,狼狼不是娘娘酱,狼酱：别人凭本事拿的人头，为啥说我送？,主播正在休息
24,FANGQING丶,网1钻石AD,主播正在休息
25,Da丶新,新仔的菜鸟之路~~~~,主播正在休息
26,小智齿,火猫最强辅助莫甘娜 一Q一个男朋友,主播正在休息
27,蓝花楹,蓝花楹,主播正在休息
28,江湖人称一条柴,12345678,主播正在休息
29,OopsLeo,10把定位,主播正在休息
30,我叫该隐,人马：学会上不了钻石请举报我！,主播正在休息
31,小进进i,小进进：火猫第一德莱文,主播正在休息
32,青椒ccccccccccc,绝对有你意想不到的惊喜！！,主播正在休息
33,Star.Still,新人女主播,主播正在休息
34,小安萌啊-承承,我的直播间,主播正在休息
35,主播Carry丶锋,锐文专场！,主播正在休息
36,冷锋UU,小丑皇的无情杀戮,主播正在休息
37,二娜丶,【二娜】牙疼,主播正在休息
38,一个人的游戏.,中单专场,主播正在休息
39,电竞潇洒哥,其实躺赢也是门技术,主播正在休息
40,三斧子不解释,玩会LOL,主播正在休息
41,7777智障肉肉,ADC与辅助的爱恨情仇,主播正在休息
42,火猫丶TVForsake,火猫丶TVForsake,主播正在休息
43,古力逗,没有技术可言  送仙豆的都是大哥,主播正在休息
44,蓝俊熙丶,看一波电影,主播正在休息
45,雨晨姑奶奶,手受伤过几天开摄像头,主播正在休息
46,丑的被嫉妒,丑怪：不是技术 却很皮,主播正在休息
47,温柔风亚索,.......,主播正在休息
48,泽拉图丶,泽拉图：土嗨主播上路英雄海,主播正在休息
49,An阿南。,ADC 小王子。,主播正在休息
50,李梓煜,李梓煜  新主播求订阅,主播正在休息
51,月半湾丶小帅,新人主播求订阅,主播正在休息
52,我其实很懒,一区钻5单排上分,主播正在休息
53,空城丶智少,中路,主播正在休息
54,【文帝】,阴阳判官德莱文,主播正在休息
55,bewhy！,dddd~~~,主播正在休息
56,东北昊天,东北昊天：户外，唠嗑来。,主播正在休息
57,广东丶隔壁老黄,练下JJ~,主播正在休息
58,单纯主播蓄蓄,四月活动收礼只收“萌”2角一个！,主播正在休息
59,请叫我大C,征服之海,主播正在休息
